{
    "iteration": [
        1,
        2,
        3,
        4,
        5,
        6,
        7,
        8,
        9,
        10,
        11,
        12,
        13,
        14,
        15,
        16,
        17,
        18,
        19,
        20,
        21,
        22,
        23,
        24,
        25,
        26,
        27,
        28,
        29,
        30,
        31,
        32,
        33,
        34,
        35,
        36,
        37,
        38,
        39,
        40
    ],
    "loss": [
        2.6050012350082397,
        2.684792327880859,
        2.7091705560684205,
        2.681978392601013,
        2.715290927886963,
        2.690044665336609,
        2.673838257789612,
        2.6898907899856566,
        2.677539825439453,
        2.670302128791809,
        2.651935863494873,
        2.6310269832611084,
        2.6559303045272826,
        2.658649182319641,
        2.6773452758789062,
        2.6980772256851195,
        2.6586238145828247,
        2.666156530380249,
        2.6867063283920287,
        2.6641229391098022,
        2.6792832374572755,
        2.6723778009414674,
        2.6610900163650513,
        2.670620059967041,
        2.6879698753356935,
        2.708174204826355,
        2.7126309394836428,
        2.719802737236023,
        2.7319066762924193,
        2.726656770706177,
        2.7654417991638183,
        2.7711294412612917,
        2.7902477264404295,
        2.75990309715271,
        2.761962866783142,
        2.7259477853775023,
        2.6939629316329956,
        2.6462487459182737,
        2.6725744724273683,
        2.640398716926575
    ],
    "value_loss": [
        0.7513891279697418,
        0.839918565750122,
        0.8185095846652984,
        0.8263940334320068,
        0.828459644317627,
        0.8060767889022827,
        0.7978607892990113,
        0.8036649048328399,
        0.7920277178287506,
        0.7870569109916687,
        0.7972641348838806,
        0.7768636643886566,
        0.7822177469730377,
        0.7991666257381439,
        0.7819546818733215,
        0.810875654220581,
        0.7620523512363434,
        0.7549739301204681,
        0.7690995156764984,
        0.7496055841445923,
        0.7508513033390045,
        0.7295702517032623,
        0.7468427360057831,
        0.7612954139709472,
        0.7606649696826935,
        0.7675999641418457,
        0.7948029518127442,
        0.7893545448780059,
        0.8099375188350677,
        0.8001891553401947,
        0.8173723578453064,
        0.8167532205581665,
        0.8364295065402985,
        0.8230831742286682,
        0.842428719997406,
        0.8015327095985413,
        0.7983855724334716,
        0.7837899208068848,
        0.7757321298122406,
        0.7536417305469513
    ],
    "policy_loss": [
        1.8536121726036072,
        1.8448737502098083,
        1.8906609773635865,
        1.8555843710899353,
        1.8868312597274781,
        1.883967900276184,
        1.8759774208068847,
        1.8862258911132812,
        1.8855120420455933,
        1.8832451820373535,
        1.8546717524528504,
        1.8541633248329163,
        1.8737125635147094,
        1.8594825744628907,
        1.8953906059265138,
        1.8872015953063965,
        1.8965714573860168,
        1.9111826062202453,
        1.9176067948341369,
        1.91451735496521,
        1.9284319639205934,
        1.9428075551986694,
        1.9142472863197326,
        1.9093246698379516,
        1.9273048758506774,
        1.9405742764472962,
        1.9178279995918275,
        1.9304481506347657,
        1.9219691634178162,
        1.9264676332473756,
        1.948069441318512,
        1.954376208782196,
        1.9538182020187378,
        1.9368199110031128,
        1.919534146785736,
        1.924415075778961,
        1.8955773711204529,
        1.862458837032318,
        1.896842348575592,
        1.8867569327354432
    ],
    "win_rate": [
        {
            "iteration": 10,
            "win_rate": 1.0
        },
        {
            "iteration": 20,
            "win_rate": 1.0
        },
        {
            "iteration": 30,
            "win_rate": 1.0
        },
        {
            "iteration": 40,
            "win_rate": 1.0
        }
    ]
}