{
    "iteration": [
        1,
        2,
        3,
        4,
        5,
        6,
        7,
        8,
        9,
        10,
        11,
        12,
        13,
        14,
        15,
        16,
        17,
        18,
        19,
        20,
        21,
        22,
        23,
        24,
        25,
        26,
        27,
        28,
        29,
        30,
        31,
        32,
        33,
        34,
        35,
        36,
        37,
        38,
        39,
        40,
        41,
        42,
        43,
        44,
        45,
        46,
        47,
        48,
        49,
        50,
        51,
        52,
        53,
        54,
        55,
        56,
        57,
        58,
        59,
        60,
        61,
        62,
        63,
        64,
        65,
        66,
        67,
        68,
        69,
        70,
        71,
        72,
        73,
        74,
        75,
        76,
        77,
        78,
        79,
        80,
        81,
        82,
        83,
        84,
        85,
        86,
        87,
        88,
        89,
        90,
        91,
        92,
        93,
        94,
        95,
        96,
        97,
        98,
        99,
        100,
        101,
        102,
        103,
        104,
        105,
        106,
        107,
        108,
        109,
        110,
        111,
        112,
        113,
        114,
        115,
        116,
        117,
        118,
        119,
        120,
        121,
        122,
        123,
        124,
        125,
        126,
        127,
        128,
        129,
        130,
        131,
        132,
        133,
        134,
        135,
        136,
        137,
        138,
        139,
        140
    ],
    "loss": [
        2.6936158657073976,
        2.679547381401062,
        2.719977879524231,
        2.7120848894119263,
        2.7006531953811646,
        2.677549433708191,
        2.678955841064453,
        2.6801984786987303,
        2.699183797836304,
        2.694360876083374,
        2.689972496032715,
        2.684235763549805,
        2.670189452171326,
        2.6537757873535157,
        2.6916564464569093,
        2.6474585056304933,
        2.6684309244155884,
        2.637179207801819,
        2.653890085220337,
        2.6474599123001097,
        2.670246124267578,
        2.675542974472046,
        2.707855987548828,
        2.7085986137390137,
        2.6884774446487425,
        2.7355695247650145,
        2.7186034679412843,
        2.708690357208252,
        2.7061832189559936,
        2.715719389915466,
        2.706346273422241,
        2.6820168018341066,
        2.6480063438415526,
        2.6883819103240967,
        2.703378748893738,
        2.7067161083221434,
        2.735434341430664,
        2.7208099365234375,
        2.704720067977905,
        2.721994638442993,
        2.731488800048828,
        2.7267770290374758,
        2.741225481033325,
        2.7165163278579714,
        2.708635354042053,
        2.7170084953308105,
        2.7096100568771364,
        2.6920246362686155,
        2.708789038658142,
        2.705912232398987,
        2.6961899280548094,
        2.6850471019744875,
        2.6572498798370363,
        2.6919707536697386,
        2.7103344202041626,
        2.6852550745010375,
        2.6958927392959593,
        2.7142947196960447,
        2.7189151525497435,
        2.7113613843917848,
        2.7357367515563964,
        2.7561756134033204,
        2.7385329246520995,
        2.7392592430114746,
        2.728302025794983,
        2.715807342529297,
        2.7314581632614137,
        2.746903157234192,
        2.7135430574417114,
        2.6918112516403196,
        2.7207414150238036,
        2.7093801498413086,
        2.7385148286819456,
        2.7185065269470217,
        2.728921365737915,
        2.7103011131286623,
        2.6954972743988037,
        2.690682220458984,
        2.663763666152954,
        2.6836211919784545,
        2.68297438621521,
        2.680761694908142,
        2.658451271057129,
        2.6368301153182983,
        2.6168031215667726,
        2.619190239906311,
        2.6150522470474242,
        2.656554436683655,
        2.6707041025161744,
        2.699747681617737,
        2.6757233858108522,
        2.696607255935669,
        2.720931124687195,
        2.7370410919189454,
        2.7461320638656614,
        2.788968825340271,
        2.7710957288742066,
        2.7713551759719848,
        2.7936352729797362,
        2.7701762199401854,
        2.7709742307662966,
        2.7589759826660156,
        2.750947117805481,
        2.7371142625808718,
        2.7380589723587034,
        2.729592537879944,
        2.727277398109436,
        2.742075490951538,
        2.7005902528762817,
        2.719538450241089,
        2.7237289190292358,
        2.700448751449585,
        2.709860634803772,
        2.7054683685302736,
        2.696642851829529,
        2.7202160596847533,
        2.7271592378616334,
        2.7355987787246705,
        2.7200456619262696,
        2.7058207750320435,
        2.7117855072021486,
        2.704119062423706,
        2.7042373418807983,
        2.7253189086914062,
        2.725497007369995,
        2.7028284549713133,
        2.734020495414734,
        2.706762909889221,
        2.699714779853821,
        2.74742796421051,
        2.7165285110473634,
        2.732434940338135,
        2.7631875038146974,
        2.7480219841003417,
        2.7583317279815676,
        2.7618334770202635,
        2.7309889793395996,
        2.7433265447616577,
        2.733129692077637,
        2.7221230983734133
    ],